编号,标题,来源,发布时间
1,江川市青少年科技节开幕，120件作品参展,云岭日报,2026-09-04 15:15
2,东河县启用86个社区服务站，居民办事平均少跑240公里,示例通讯社,2026-08-20 09:15
3,云岭市新增18所公办幼儿园，学位增加240个,东河晨报,2026-02-17 12:45
4,南屏市青少年科技节开幕，60件作品参展,云岭日报,2026-09-05 18:45
5,南屏市新增26处城市书房，全部免费开放,南屏日报,2026-03-23 15:15
6,江川市开展物业费收缴争议专项整治，已处理32件,江川晚报,2026-02-06 06:00
7,东河县空气质量优良天数比例达120%,东河晨报,2026-01-23 16:45
8,东河县公布32项民生实事清单，菜市场升级排在第一项,云岭广播电台,2026-01-07 13:30
9,东河县跨江大桥主塔封顶，预计11月通车,江川晚报,2026-02-05 13:30
10,云岭市公交线路优化调整，涉及18条线路,东河晨报,2026-06-20 22:15
11,云岭市建成20个一刻钟便民生活圈,示例通讯社,2026-09-10 12:15
12,云岭市建设高标准农田240亩，亩均增产86%,南屏日报,2026-03-09 17:45
13,南屏市开展老旧电梯故障专项整治，已处理45件,示例通讯社,2026-04-02 22:30
14,白汀区建成9个一刻钟便民生活圈,云岭日报,2026-06-16 10:00
15,黄海燕：科学教育不能只停留在做实验,云岭广播电台,2026-03-06 07:45
16,杨文博代表建议：把无障碍设施修缮纳入明年财政预算,南屏日报,2026-09-15 10:30
17,张海燕：科学教育不能只停留在做实验,东河晨报,2026-03-28 17:45
18,学校周边限时停车新规实施，家长接送需重新规划路线,江川晚报,2026-04-09 10:15
19,生物医药价格连续1月回落，市场供应充足,东河晨报,2026-08-26 07:15
20,云岭市生活垃圾分类覆盖9个小区,云岭日报,2026-01-20 18:30
21,江川市查处环境违法案件15起,示例通讯社,2026-09-02 14:45
22,东河县高校科研成果转化金额达32万元,云岭日报,2026-02-03 18:45
23,江川市推广节水灌溉240亩，用水量下降15%,云岭广播电台,2026-05-19 10:30
24,云岭市推出教师减负清单，压减9项非教学任务,江川晚报,2026-04-27 08:00
25,周建国：科学教育不能只停留在做实验,南屏日报,2026-02-20 06:00
26,周秀兰：科学教育不能只停留在做实验,云岭日报,2026-03-28 19:45
27,石桥镇农村人居环境整治完成3个村,示例通讯社,2026-09-09 07:45
28,石桥镇农产品区域公用品牌正式发布,云岭广播电台,2026-01-27 12:30
29,江川市半程马拉松报名人数突破20人,云岭日报,2026-05-20 13:15
30,云岭市特色农产品产量达15万吨，产值9亿元,示例通讯社,2026-07-27 06:45
31,白汀区青少年足球联赛开赛，共26支球队,云岭日报,2026-07-22 19:30
32,白汀区推出教师减负清单，压减5项非教学任务,云岭日报,2026-02-15 22:00
33,白汀区特色农产品产量达120万吨，产值120亿元,云岭日报,2026-03-14 18:30
34,云岭市改造18条背街小巷，雨污分流同步实施,示例通讯社,2026-05-22 19:15
35,东河县跨江大桥主塔封顶，预计10月通车,江川晚报,2026-07-21 21:30
36,石桥镇轨道新线开通首日客流达18万人次,南屏日报,2026-01-11 15:30
37,东河县推广节水灌溉86亩，用水量下降26%,云岭日报,2026-08-15 11:30
38,江川市开展公交站点设置专项整治，已处理120件,东河晨报,2026-01-14 11:00
39,东河县9所学校完成智慧教室改造,云岭日报,2026-01-20 08:00
40,东河县整治学校周边拥堵，划设非机动车停放区32处,东河晨报,2026-03-24 14:45
41,石桥镇改造32条背街小巷，雨污分流同步实施,东河晨报,2026-09-13 06:45
42,白汀区新增45处城市书房，全部免费开放,东河晨报,2026-05-02 22:30
43,老字号直播带货，非遗产品单场卖出86万元,江川晚报,2026-09-09 15:15
44,白汀区非遗展演走进7个社区,江川晚报,2026-02-06 10:45
45,石桥镇新建20公里城市绿道，串联9个公园,东河晨报,2026-03-24 19:00
46,江川市公交线路优化调整，涉及86条线路,云岭广播电台,2026-01-18 18:30
47,云岭市中小学生体质健康优良率提升7个百分点,云岭广播电台,2026-07-04 20:15
48,云岭市农村人居环境整治完成240个村,南屏日报,2026-03-11 12:15
49,江川市12所学校完成智慧教室改造,南屏日报,2026-03-05 08:45
50,云岭市推进农村公路提升工程，惠及32个村,云岭广播电台,2026-01-02 14:15
51,云岭市交通运输局：社区养老助餐办理时限由86天压减至86天,江川晚报,2026-08-17 10:00
52,江川市现代物流产业园开园，首批60家企业入驻,云岭日报,2026-05-23 11:30
53,赵海燕：生物医药要从拼价格转向拼技术,云岭日报,2026-06-28 07:00
54,云岭市轨道新线开通首日客流达9万人次,示例通讯社,2026-01-14 14:30
55,高校团队用遥感技术监测农田墒情,云岭日报,2026-03-16 19:30
56,白汀区跨江大桥主塔封顶，预计8月通车,东河晨报,2026-05-01 22:15
57,石桥镇文物保护单位完成15处修缮,云岭日报,2026-08-19 19:15
58,江川市发放消费券20万元，重点投向现代物流,江川晚报,2026-01-16 22:15
59,云岭市原创剧目首演，20名观众到场,云岭广播电台,2026-03-28 08:30
60,江川市开通民生热线，首月受理共享单车乱停放类诉求60件,示例通讯社,2026-03-13 19:30
61,白汀区图书馆新馆开放，日均接待读者18人次,江川晚报,2026-05-18 09:00
62,东河县农村人居环境整治完成86个村,江川晚报,2026-02-26 20:45
63,云岭市开通民生热线，首月受理楼道堆物类诉求7件,江川晚报,2026-09-07 11:15
64,南屏市推进农村公路提升工程，惠及86个村,示例通讯社,2026-07-05 12:15
65,南屏市生活垃圾分类覆盖3个小区,南屏日报,2026-09-03 17:00
66,江川市中小学课后服务覆盖率超过20%,江川晚报,2026-07-14 15:15
67,白汀区跨江大桥主塔封顶，预计4月通车,云岭广播电台,2026-03-03 09:00
68,云岭市举办产销对接会，现场签约20个项目,江川晚报,2026-01-09 17:30
69,周俊杰：电子信息要从拼价格转向拼技术,示例通讯社,2026-07-10 08:30
70,云岭市新增3所公办幼儿园，学位增加7个,云岭广播电台,2026-06-24 16:00
71,白汀区推广节水灌溉15亩，用水量下降120%,云岭广播电台,2026-04-22 19:00
72,云岭市举办产销对接会，现场签约9个项目,南屏日报,2026-03-16 06:45
73,江川市新增5处社区养老助餐，覆盖7个社区,江川晚报,2026-09-11 20:45
74,陈晓峰：科学教育不能只停留在做实验,东河晨报,2026-03-16 20:15
75,江川市文物保护单位完成7处修缮,江川晚报,2026-06-18 19:45
76,白汀区原创剧目首演，18名观众到场,示例通讯社,2026-01-25 10:45
77,东河县跨江大桥主塔封顶，预计1月通车,江川晚报,2026-05-15 13:15
78,云岭市青少年足球联赛开赛，共9支球队,东河晨报,2026-02-01 16:45
79,南屏市新增32处城市书房，全部免费开放,南屏日报,2026-05-23 09:45
80,南屏市查处环境违法案件3起,示例通讯社,2026-08-18 17:00
81,云岭市新增污水处理能力120万吨/日,云岭广播电台,2026-07-08 08:00
82,白汀区新增120处老旧小区改造，覆盖5个社区,南屏日报,2026-03-01 12:00
83,江川市特色农产品产量达240万吨，产值9亿元,江川晚报,2026-02-06 13:00
84,石桥镇青少年科技节开幕，26件作品参展,江川晚报,2026-01-03 21:30
85,南屏市开展小区停车难专项整治，已处理240件,东河晨报,2026-02-23 19:00
86,石桥镇前三季度规上工业增加值同比增长20%,云岭广播电台,2026-07-03 07:15
87,江川市举办社区运动会，5支队伍参赛,江川晚报,2026-08-13 09:45
88,南屏市生态环境局：就业技能培训办理时限由12天压减至86天,示例通讯社,2026-02-11 11:45
89,东河县完成240亩退耕还林，森林覆盖率提升7个百分点,东河晨报,2026-03-10 15:30
90,东河县跨江大桥主塔封顶，预计4月通车,南屏日报,2026-08-11 18:30
91,南屏市高校科研成果转化金额达7万元,示例通讯社,2026-03-25 14:00
92,江川市青少年足球联赛开赛，共240支球队,东河晨报,2026-02-22 22:00
93,东河县机场旅客吞吐量重回18万人次,东河晨报,2026-03-09 10:15
94,云岭市前三季度规上工业增加值同比增长240%,示例通讯社,2026-07-15 07:45
95,新能源价格连续1月回落，市场供应充足,东河晨报,2026-03-01 18:00
96,东河县代表队省运会摘得9枚金牌,南屏日报,2026-04-08 15:00
97,白汀区新建7公里城市绿道，串联240个公园,示例通讯社,2026-01-01 16:00
98,石桥镇开展楼道堆物专项整治，已处理7件,江川晚报,2026-02-05 07:00
99,东河县文旅局回应「公交站点设置」：10月底前完成整改,示例通讯社,2026-09-04 13:15
100,云岭市跨境电商出口额突破26亿元,江川晚报,2026-01-28 17:15
101,云岭市新增60处菜市场升级，覆盖240个社区,云岭日报,2026-06-04 20:30
102,社区食堂开进养老院，一餐12元,江川晚报,2026-01-05 19:30
103,云岭市机场旅客吞吐量重回86万人次,示例通讯社,2026-07-20 22:45
104,白汀区青少年科技节开幕，32件作品参展,云岭日报,2026-04-02 13:30
105,污水处理厂变身科普基地，周末向公众开放,南屏日报,2026-01-23 19:15
106,南屏市推出教师减负清单，压减60项非教学任务,东河晨报,2026-02-23 15:45
107,江川市举办产销对接会，现场签约32个项目,南屏日报,2026-03-14 16:30
108,白汀区非遗展演走进5个社区,江川晚报,2026-02-07 12:45
109,南屏市卫生健康委：社区养老助餐办理时限由120天压减至120天,南屏日报,2026-09-05 17:45
110,云岭市上半年社会消费品零售总额达86亿元,示例通讯社,2026-08-08 08:45
111,杨晓峰代表建议：把菜市场升级纳入明年财政预算,江川晚报,2026-09-06 15:00
112,东河县轨道新线开通首日客流达3万人次,江川晚报,2026-02-23 09:00
113,东河县举办社区运动会，18支队伍参赛,示例通讯社,2026-07-02 06:45
114,云岭市新增12处智能停车位，市民扫码即可使用,云岭广播电台,2026-08-09 12:15
115,东河县农产品区域公用品牌正式发布,东河晨报,2026-03-18 11:00
116,南屏市新增7处城市书房，全部免费开放,云岭广播电台,2026-08-18 09:15
117,白汀区新增32所公办幼儿园，学位增加18个,云岭日报,2026-04-06 14:30
118,白汀区文旅局：无障碍设施修缮办理时限由86天压减至45天,云岭日报,2026-09-04 10:00
119,南屏市跨境电商出口额突破5亿元,江川晚报,2026-05-18 08:30
120,石桥镇原创剧目首演，5名观众到场,江川晚报,2026-02-11 16:45
121,农产品区域品牌带动农户增收，也带来品质监管难题,云岭广播电台,2026-02-28 16:00
122,石桥镇文物保护单位完成26处修缮,江川晚报,2026-08-16 20:30
123,石桥镇建设高标准农田12亩，亩均增产60%,江川晚报,2026-09-06 15:00
124,白汀区启用45个社区服务站，居民办事平均少跑60公里,云岭广播电台,2026-08-26 20:00
125,江川市非遗展演走进60个社区,云岭日报,2026-02-23 22:45
126,石桥镇空气质量优良天数比例达120%,东河晨报,2026-03-26 14:45
127,石桥镇图书馆新馆开放，日均接待读者18人次,云岭日报,2026-06-24 07:00
128,云岭市前三季度规上工业增加值同比增长3%,示例通讯社,2026-03-12 13:15
129,南屏市新增26处老旧小区改造，覆盖86个社区,南屏日报,2026-08-27 19:30
130,东河县上半年社会消费品零售总额达120亿元,南屏日报,2026-06-28 12:15
131,白汀区文物保护单位完成60处修缮,南屏日报,2026-02-04 18:45
132,石桥镇特色农产品产量达32万吨，产值5亿元,东河晨报,2026-09-05 20:00
133,江川市新增15处城市书房，全部免费开放,云岭广播电台,2026-02-25 21:15
134,云岭市新建7公里城市绿道，串联9个公园,江川晚报,2026-09-16 07:15
135,周国强：装备制造要从拼价格转向拼技术,云岭广播电台,2026-06-08 12:30
136,白汀区启用9个社区服务站，居民办事平均少跑20公里,东河晨报,2026-09-04 13:00
137,云岭市新建3公里城市绿道，串联7个公园,示例通讯社,2026-06-06 07:15
138,东河县开通民生热线，首月受理物业费收缴争议类诉求60件,南屏日报,2026-09-16 13:00
139,江川市原创剧目首演，26名观众到场,云岭日报,2026-04-10 19:15
140,白汀区开展物业费收缴争议专项整治，已处理3件,云岭广播电台,2026-03-27 16:45
141,白汀区机场旅客吞吐量重回20万人次,云岭广播电台,2026-02-11 08:15
142,图书馆夜间延时，读者说「终于不用赶时间」,东河晨报,2026-06-04 18:15
143,南屏市跨江大桥主塔封顶，预计1月通车,东河晨报,2026-06-20 14:00
144,白汀区新增32家专精特新企业，集中在新能源领域,云岭广播电台,2026-04-02 16:00
145,东河县文物保护单位完成18处修缮,示例通讯社,2026-01-19 18:15
146,云岭市特色农产品产量达32万吨，产值240亿元,云岭日报,2026-02-22 12:45
147,东河县公布45项民生实事清单，菜市场升级排在第一项,示例通讯社,2026-01-10 11:15
148,白汀区15所学校完成智慧教室改造,云岭广播电台,2026-08-01 16:30
149,云岭市中小微企业贷款余额增长7%,云岭日报,2026-07-02 16:45
150,东河县青少年足球联赛开赛，共5支球队,示例通讯社,2026-07-18 12:45
151,云岭市职教中心与32家企业共建实训基地,东河晨报,2026-06-24 12:45
152,东河县举办产销对接会，现场签约12个项目,南屏日报,2026-09-03 13:00
153,白汀区轨道新线开通首日客流达3万人次,示例通讯社,2026-07-02 22:00
154,江川市轨道新线开通首日客流达15万人次,云岭日报,2026-08-03 17:00
155,南屏市新增32家专精特新企业，集中在电子信息领域,江川晚报,2026-06-23 14:45
156,石桥镇公布32项民生实事清单，菜市场升级排在第一项,东河晨报,2026-04-17 07:30
157,南屏市中小学生体质健康优良率提升240个百分点,江川晚报,2026-04-27 09:45
158,云岭市新建120公里城市绿道，串联15个公园,江川晚报,2026-04-18 07:45
159,石桥镇完成20亩退耕还林，森林覆盖率提升20个百分点,南屏日报,2026-07-27 20:00
160,东河县跨境电商出口额突破15亿元,示例通讯社,2026-02-15 15:00
161,江川市农业农村局回应「小区停车难」：8月底前完成整改,云岭日报,2026-03-03 19:00
162,云岭市查处环境违法案件45起,云岭广播电台,2026-06-03 21:15
163,白汀区新增污水处理能力26万吨/日,江川晚报,2026-09-16 06:00
164,云岭市跨境电商出口额突破9亿元,示例通讯社,2026-06-28 15:00
165,黄文博：科学教育不能只停留在做实验,云岭日报,2026-09-15 15:30
166,南屏市职教中心与15家企业共建实训基地,南屏日报,2026-08-09 12:45
167,白汀区举办产销对接会，现场签约7个项目,示例通讯社,2026-08-25 19:45
168,白汀区建设高标准农田3亩，亩均增产60%,江川晚报,2026-01-07 06:45
169,云岭市整治停车难，划设非机动车停放区240处,示例通讯社,2026-01-24 09:00
170,江川市建设高标准农田3亩，亩均增产120%,云岭日报,2026-05-11 11:00
171,石桥镇新增12家专精特新企业，集中在电子信息领域,江川晚报,2026-05-08 11:00
172,江川市开展校外培训专项检查，通报9起,云岭日报,2026-03-11 21:15
173,云岭市文旅产业园开园，首批9家企业入驻,东河晨报,2026-07-11 19:30
174,石桥镇整治上下学拥堵，划设非机动车停放区20处,东河晨报,2026-09-07 12:45
175,南屏市农产品区域公用品牌正式发布,南屏日报,2026-01-24 15:15
176,东河县新增停车泊位12个，缓解停车难问题,江川晚报,2026-08-13 14:45
177,江川市新增60处城市书房，全部免费开放,南屏日报,2026-01-15 21:45
178,白汀区空气质量优良天数比例达12%,示例通讯社,2026-05-21 17:15
179,南屏市中小学生体质健康优良率提升20个百分点,南屏日报,2026-05-11 17:00
180,黄晓峰代表建议：把菜市场升级纳入明年财政预算,南屏日报,2026-02-17 17:45
181,东河县前三季度规上工业增加值同比增长20%,江川晚报,2026-08-20 18:45
182,李秀兰：新材料要从拼价格转向拼技术,云岭日报,2026-04-22 13:45
183,云岭市新建18公里城市绿道，串联15个公园,云岭日报,2026-09-16 18:00
184,白汀区7所学校完成智慧教室改造,云岭日报,2026-05-11 20:30
185,白汀区举办产销对接会，现场签约5个项目,云岭广播电台,2026-03-12 10:00
186,云岭市跨境电商出口额突破3亿元,云岭日报,2026-03-15 07:45
187,南屏市中小学课后服务覆盖率超过60%,云岭日报,2026-04-19 20:30
188,云岭市完成18亩退耕还林，森林覆盖率提升240个百分点,江川晚报,2026-04-11 19:30
189,白汀区高校科研成果转化金额达15万元,南屏日报,2026-08-05 22:15
190,南屏市中小学生体质健康优良率提升60个百分点,云岭日报,2026-05-16 07:30
191,白汀区举办产销对接会，现场签约26个项目,云岭广播电台,2026-07-24 14:00
192,江川市中小微企业贷款余额增长9%,东河晨报,2026-03-26 11:30
193,云岭市推出教师减负清单，压减7项非教学任务,云岭广播电台,2026-08-20 20:30
194,东河县建设高标准农田20亩，亩均增产7%,南屏日报,2026-06-12 11:15
195,云岭市开通民生热线，首月受理共享单车乱停放类诉求20件,云岭日报,2026-01-01 15:00
196,南屏市试点「一窗通办」，18项业务不用再跑第二趟,示例通讯社,2026-03-24 21:15
197,白汀区城管局回应「楼道堆物」：11月底前完成整改,江川晚报,2026-06-05 11:15
198,周慧敏：电子信息要从拼价格转向拼技术,江川晚报,2026-01-27 13:15
199,石桥镇农村人居环境整治完成26个村,云岭日报,2026-01-26 22:15
200,老旧小区加装电梯，补贴之外还需邻里协商,示例通讯社,2026-01-11 18:15
201,石桥镇原创剧目首演，32名观众到场,东河晨报,2026-01-18 10:30
202,东河县中小微企业贷款余额增长15%,江川晚报,2026-08-17 22:30
203,南屏市试点「一窗通办」，20项业务不用再跑第二趟,南屏日报,2026-09-16 06:30
204,南屏市代表队省运会摘得26枚金牌,江川晚报,2026-02-23 10:15
205,东河县青少年科技节开幕，86件作品参展,云岭日报,2026-07-22 09:45
206,东河县高校科研成果转化金额达20万元,江川晚报,2026-02-18 08:00
207,云岭市举办产销对接会，现场签约3个项目,南屏日报,2026-08-27 18:00
208,南屏市新增污水处理能力5万吨/日,云岭广播电台,2026-06-02 06:00
209,白汀区人力资源和社会保障局：社区养老助餐办理时限由86天压减至86天,东河晨报,2026-06-21 17:30
210,南屏市半程马拉松报名人数突破12人,示例通讯社,2026-03-21 19:00
211,白汀区新增45处菜市场升级，覆盖18个社区,云岭广播电台,2026-03-16 17:30
212,东河县非遗展演走进26个社区,示例通讯社,2026-03-20 06:45
213,石桥镇现代物流产业园开园，首批5家企业入驻,东河晨报,2026-06-21 17:15
214,石桥镇城管局回应「夜市噪音扰民」：8月底前完成整改,南屏日报,2026-07-19 16:00
215,东河县新增12家专精特新企业，集中在农产品加工领域,示例通讯社,2026-02-03 11:30
216,白汀区生活垃圾分类覆盖18个小区,云岭广播电台,2026-07-03 09:15
217,石桥镇公交线路优化调整，涉及32条线路,东河晨报,2026-01-17 07:45
218,南屏市空气质量优良天数比例达3%,东河晨报,2026-08-01 06:45
219,石桥镇建设高标准农田32亩，亩均增产9%,南屏日报,2026-09-08 13:45
220,石桥镇文旅局：无障碍设施修缮办理时限由15天压减至15天,云岭日报,2026-09-16 19:45
221,白汀区新增18所公办幼儿园，学位增加7个,云岭日报,2026-04-21 16:15
222,东河县跨境电商出口额突破120亿元,云岭广播电台,2026-06-02 16:00
223,南屏市农村人居环境整治完成3个村,云岭广播电台,2026-03-08 16:30
224,石桥镇新增240处城市书房，全部免费开放,东河晨报,2026-05-21 09:45
225,江川市半程马拉松报名人数突破240人,东河晨报,2026-03-10 14:45
226,南屏市新增3处城市书房，全部免费开放,示例通讯社,2026-06-15 18:30
227,石桥镇公交线路优化调整，涉及3条线路,江川晚报,2026-04-09 14:15
228,石桥镇新增污水处理能力5万吨/日,东河晨报,2026-08-05 17:45
229,石桥镇新增32家专精特新企业，集中在生物医药领域,东河晨报,2026-06-02 19:15
230,东河县代表队省运会摘得60枚金牌,东河晨报,2026-09-16 12:15
231,石桥镇跨江大桥主塔封顶，预计4月通车,云岭日报,2026-01-06 22:15
232,云岭市轨道新线开通首日客流达60万人次,云岭日报,2026-03-10 20:30
233,南屏市3所学校完成智慧教室改造,云岭日报,2026-08-09 11:15
234,白汀区推进农村公路提升工程，惠及12个村,江川晚报,2026-05-23 20:00
235,课后服务引入非遗课程，学校请来了传承人,云岭日报,2026-05-14 15:15
236,江川市跨境电商出口额突破20亿元,江川晚报,2026-01-04 12:30
237,南屏市试点「一窗通办」，3项业务不用再跑第二趟,示例通讯社,2026-08-10 13:00
238,南屏市改造18条背街小巷，雨污分流同步实施,南屏日报,2026-09-03 12:30
239,东河县至南屏市高速改扩建工程完成12%,南屏日报,2026-04-14 06:45
240,电子信息价格连续9月回落，市场供应充足,示例通讯社,2026-07-05 13:30
241,新开的产业园区里，一半企业在做软件,示例通讯社,2026-06-24 16:15
242,南屏市跨境电商出口额突破18亿元,东河晨报,2026-01-27 19:30
243,南屏市查处环境违法案件32起,云岭日报,2026-03-01 08:30
244,东河县卫生健康委回应「楼道堆物」：12月底前完成整改,江川晚报,2026-04-04 09:00
245,云岭市职教中心与20家企业共建实训基地,云岭广播电台,2026-02-10 15:45
246,云岭市完成12亩退耕还林，森林覆盖率提升5个百分点,南屏日报,2026-05-21 10:00
247,东河县机场旅客吞吐量重回3万人次,江川晚报,2026-03-05 06:30
248,云岭市文物保护单位完成5处修缮,南屏日报,2026-07-22 19:45
249,装备制造价格连续5月回落，市场供应充足,云岭广播电台,2026-09-09 11:30
250,南屏市新增15家专精特新企业，集中在新材料领域,云岭广播电台,2026-04-26 16:00
251,石桥镇机场旅客吞吐量重回45万人次,南屏日报,2026-03-21 17:45
252,江川市中小学生体质健康优良率提升18个百分点,云岭日报,2026-07-09 22:00
253,东河县图书馆推出夜间延时服务至20点,南屏日报,2026-09-08 11:00
254,东河县推出教师减负清单，压减7项非教学任务,云岭广播电台,2026-05-24 13:30
255,东河县新建9公里城市绿道，串联20个公园,示例通讯社,2026-02-06 16:15
256,南屏市公布3项民生实事清单，农村饮水安全排在第一项,云岭日报,2026-09-11 16:30
257,云岭市新增26处城市书房，全部免费开放,南屏日报,2026-07-23 14:30
258,云岭市半程马拉松报名人数突破26人,东河晨报,2026-05-04 19:45
259,江川市中小学生体质健康优良率提升240个百分点,云岭日报,2026-02-27 17:45
260,白汀区图书馆推出夜间延时服务至21点,示例通讯社,2026-04-16 13:15
261,白汀区中小学生体质健康优良率提升18个百分点,云岭广播电台,2026-09-16 07:00
262,黄晓峰：文旅要从拼价格转向拼技术,示例通讯社,2026-07-03 13:00
263,南屏市举办社区运动会，26支队伍参赛,示例通讯社,2026-01-09 21:45
264,吴秀兰代表建议：把老旧小区改造纳入明年财政预算,东河晨报,2026-04-10 14:15
265,李雅琴代表建议：把就业技能培训纳入明年财政预算,江川晚报,2026-02-02 19:15
266,云岭市举办产销对接会，现场签约7个项目,示例通讯社,2026-03-24 16:45
267,石桥镇开展校外培训专项检查，通报26起,云岭广播电台,2026-07-11 13:30
268,石桥镇图书馆新馆开放，日均接待读者86人次,东河晨报,2026-07-11 17:45
269,白汀区至江川市高速改扩建工程完成32%,东河晨报,2026-03-12 21:00
270,江川市卫生健康委回应「物业费收缴争议」：6月底前完成整改,东河晨报,2026-03-06 09:30
271,白汀区建设高标准农田15亩，亩均增产5%,东河晨报,2026-07-04 11:45
272,石桥镇新增12所公办幼儿园，学位增加120个,江川晚报,2026-09-04 16:30
273,南屏市推广节水灌溉7亩，用水量下降9%,示例通讯社,2026-05-07 07:00
274,江川市文物保护单位完成86处修缮,示例通讯社,2026-06-28 11:45
275,南屏市农村人居环境整治完成9个村,江川晚报,2026-01-03 22:45
276,石桥镇新增9处充电桩增设，覆盖45个社区,示例通讯社,2026-06-22 07:45
277,石桥镇轨道新线开通首日客流达26万人次,南屏日报,2026-07-18 16:15
278,江川市整治停车难，划设非机动车停放区15处,示例通讯社,2026-01-23 09:00
279,石桥镇新建18公里城市绿道，串联5个公园,东河晨报,2026-03-15 07:30
280,江川市公交线路优化调整，涉及18条线路,江川晚报,2026-04-06 16:45
281,东河县职教中心与45家企业共建实训基地,云岭广播电台,2026-06-02 13:00
282,白汀区职教中心与60家企业共建实训基地,南屏日报,2026-02-11 08:30
283,南屏市建设高标准农田7亩，亩均增产240%,云岭日报,2026-04-13 18:00
284,张晓峰代表建议：把菜市场升级纳入明年财政预算,江川晚报,2026-08-05 14:45
285,云岭市开展校外培训专项检查，通报26起,南屏日报,2026-08-13 14:30
286,石桥镇开展物业费收缴争议专项整治，已处理120件,云岭日报,2026-03-09 16:30
287,南屏市轨道新线开通首日客流达9万人次,东河晨报,2026-02-27 17:15
288,东河县完成32亩退耕还林，森林覆盖率提升3个百分点,云岭广播电台,2026-05-19 08:45
289,石桥镇青少年足球联赛开赛，共12支球队,示例通讯社,2026-03-10 21:30
290,白汀区代表队省运会摘得86枚金牌,南屏日报,2026-03-26 09:45
291,东河县推广节水灌溉18亩，用水量下降240%,江川晚报,2026-08-06 12:30
292,南屏市前三季度规上工业增加值同比增长20%,南屏日报,2026-04-24 17:45
293,云岭市开通民生热线，首月受理公交站点设置类诉求86件,云岭日报,2026-09-08 08:45
294,云岭市图书馆新馆开放，日均接待读者3人次,示例通讯社,2026-04-17 09:45
295,马拉松赛事带来人流，也考验城市交通,东河晨报,2026-07-02 19:15
296,南屏市青少年科技节开幕，26件作品参展,示例通讯社,2026-03-10 16:15
297,南屏市图书馆新馆开放，日均接待读者60人次,东河晨报,2026-04-25 13:30
298,石桥镇轨道新线开通首日客流达5万人次,云岭日报,2026-02-26 11:00
299,白汀区特色农产品产量达32万吨，产值9亿元,江川晚报,2026-05-05 09:00
300,云岭市跨境电商出口额突破45亿元,东河晨报,2026-03-09 06:30
